TIME,Ls [deg],R [km],XMSO [km],YMSO [km],ZMSO [km],GEO_lat [deg],GEO_lon [deg],Sol distance/mean distance,n_i [cm^-3],n_e [cm^-3],T_p [eV],T_e [eV],Vdown_x [km/s],Vdown_y [km/s],Vdown_z [km/s],Vupfine_x [km/s],Vupfine_y [km/s],Vupfine_z [km/s],|Vupfine| [km/s],Vupcoarse_x [km/s],Vupcoarse_y [km/s],Vupcoarse_z [km/s],Bup_x [nT],Bup_y [nT],Bup_z [nT],|Bup| [nT],Bdown_x [nT],Bdown_y [nT],Bdown_z [nT],Bu_fit [nT],Bd_fit [nT],Bu_measure [nT],Bd_measure [nT],Bmax [nT],Bu_stddev [nT],Bd_stddev [nT],N_AVG_x,N_AVG_y,N_AVG_z,nconic_rho,n_conic_phi,n_conic_x,$\hat{n}_{conic}\cdot\hat{n}_{AVG}$,|POS_{shock}-POS_{conic}| [km],V_A [km/s],C_S [km/s],thetaBN [deg],Mfms,Malfven_local,Malfven_global,beta,beta_p,beta_e,Mcrit,Wci [rad/s],tau_ci [s],Pdyn [nPa],rci [km],c/Wpe [km],c/Wpi [km],SZA [ยบ]
2018-07-06/03:16:11,205.998,5000.094567,2111.01,1068.34,-4404.91,-74.2639,31.9551,0.928791,10.2947,12.1377,7.0048366,12.356235,-151.62246,36.185176,-68.953375,-325.35051,10.529007,-0.61385683,325.5214143,-298.29215,13.985146,-6.9528388,-3.0491302,0.57936264,3.4628105,4.65015189,8.0179752,0.94908352,9.5948598,4.85469,12.8152,4.77567,13.2468,27.8683,0.232383,2.888,0.48460309,0.0020158014,-0.87473183,0.618835,0.0,0.785521,0.907023,1296.63,32.46565,46.073678,14.3294,3.3206233,4.839197059,10.0266409,3.519037,1.2731878,2.2458493,1.0155,0.4455235344,14.10292571,0.9108760816,730.6492007,1.524145126,71.06045752,65.0268175
2018-07-14/20:13:39,211.28,6019.10536,3093.17,2265.28,-4640.09,-70.8187,241.701,0.923863,4.67316,6.19473,11.357653,18.409065,-202.72541,29.993634,-132.55032,-370.49285,9.7742733,-8.6387608,370.7224251,-347.80476,13.630805,-25.619819,2.2309897,2.012324,-1.2203661,3.24284695,-1.0357984,8.0187229,-0.63793007,3.59519,8.52131,3.37138,8.65487,15.0377,0.24466,2.04943,0.71113346,0.43995156,-0.54839022,0.603323,0.0,0.797497,0.980892,370.751,34.017157,56.07475,14.391,4.4618799,7.479526981,10.89810137,4.9280779,1.8803348,3.047743,1.01,0.3106919233,20.2232013,0.5362840014,1193.215521,2.133454229,105.4701398,59.07657757
2018-07-15/05:03:29,211.504,5839.541087,2898.76,1873.81,-4710.23,-72.2616,104.328,0.923665,3.14344,3.84587,11.453537,15.933654,-234.17414,22.654308,-132.69267,-375.00878,14.903883,-7.5361981,375.3804804,-334.5225,39.07154,-23.266284,2.756836,1.2085489,-0.60997068,3.071286279,0.13934463,7.7097436,-0.28075496,3.23905,8.13175,3.13559,8.15627,17.5959,0.304608,1.99175,0.7781597,0.34004053,-0.52805295,0.606403,0.0,0.795157,0.992514,650.138,38.575585,55.469911,20.4187,4.8690907,7.330265603,9.73103792,3.5258603,1.4745423,2.051318,1.0295,0.2942549728,21.35286023,0.3698580046,1275.698,2.707679277,128.5974211,60.23775622
2018-07-18/13:06:53,213.543,6162.272529,3260.54,2099.56,-4788.98,-70.2844,21.8535,0.921927,4.4022,5.33713,6.7777805,10.842524,-152.78948,55.894238,-71.038931,-307.66498,22.488395,5.5849307,308.5363176,-285.80909,47.305844,-7.2139144,2.94598,-1.9745404,-4.0747012,5.401925381,-1.5257337,-10.437387,-8.3587094,5.52284,13.8812,5.43396,13.5429,19.8705,0.147477,0.990808,0.77550776,-0.09372254,-0.62434269,0.598872,0.0,0.800845,0.940962,126.986,56.490809,44.037134,21.8545,4.023728,4.322670607,5.461708251,1.0577924,0.40688768,0.65090474,1.2485,0.5175497371,12.14025408,0.3499200508,596.1481486,2.298479478,108.6675717,58.05444023
2018-07-21/03:10:17,215.128,5577.467176,2414.32,770.844,-4968.4,-74.2668,159.329,0.920635,4.75233,5.82349,4.8468752,10.398441,-159.68964,9.8400907,-71.222736,-340.31312,18.223211,33.828135,342.4754703,-318.90114,1.0423158,20.75899,1.3598382,-1.0488119,-0.99447192,1.984474926,1.1270062,-5.9048011,-0.30972403,2.26626,6.8526,1.98722,6.86774,20.3848,0.0535042,3.05277,0.85859387,-0.11172008,-0.50033508,0.617012,0.0,0.786954,0.970168,882.993,19.883299,39.838279,26.0883,7.5880909,15.6489152,17.22427804,7.3875809,2.3487005,5.0388804,1.018,0.1901293342,33.04690112,0.4654274647,1801.276335,2.20040617,104.5879262,64.35014375
2018-07-31/02:46:00,221.292,5853.652018,2264.05,338.04,-5387.49,-74.0427,224.555,0.916129,2.96413,2.97243,5.9738622,9.5753121,-136.88155,-13.040386,-68.923442,-320.1664,41.85928,-15.989251,323.2868373,-294.84319,79.995214,-16.027768,2.3823363,0.61072055,-1.9537938,3.140989661,-3.5658396,0.43655164,-5.6697599,3.26895,6.92638,3.19798,6.92638,11.5602,0.106273,1.05332,0.5302396,-0.033885566,-0.84717043,0.640903,0.0,0.767622,0.947552,938.862,40.515712,43.230687,22.6987,3.1908983,3.890779671,7.979295471,1.8146924,0.69718957,1.1175028,1.0995,0.3009331412,20.87900749,0.2586781626,1074.281271,3.079914803,132.4299526,67.24598157
2018-08-07/01:30:07,225.616,7491.650676,4013.65,3518.78,5256.77,20.9232,58.2424,0.913467,5.95877,6.39717,9.411274,10.121503,-178.90012,50.151309,103.40708,-343.20156,19.256476,13.392377,344.0021489,-312.50416,40.529167,36.997276,-1.0572919,-0.2247433,-4.2954174,4.429332495,7.4943186,-12.116115,-5.2615656,3.6047,13.5977,4.47005,15.317,21.7035,0.238765,1.27912,0.55814035,0.33988363,0.7569402,0.622245,0.0,0.782823,0.945975,1001.6,39.942069,49.053655,27.8063,3.1923521,4.378152001,8.612527029,2.3455542,1.1301339,1.2154203,1.0895,0.4243671852,14.80601123,0.5887967566,810.6238203,2.099426018,93.4020774,57.60522788
2018-08-22/09:11:09,235.232,6114.822293,3362.51,1305.56,4937.62,28.849,75.2627,0.909068,1.14605,1.28264,18.432919,20.341173,-269.31623,71.140584,175.17501,-540.16566,38.822194,-17.725543,541.8489622,-484.229,76.038055,-30.239936,2.4676154,-0.11232116,1.4546118,2.866642164,3.0704645,-6.7783758,-0.1700512,2.94922,7.70002,2.89666,7.78524,14.7166,0.0929587,2.10887,0.84510284,-0.053219927,0.53194815,0.58151,0.0,0.813539,0.978669,58.9169,59.019189,68.447559,1.85212,6.8270078,7.929467101,9.180894746,2.1325429,1.0137952,1.1187477,1.0005,0.274648351,22.87720019,0.2809613188,1972.882634,4.688588644,212.9771761,56.64019247
2018-08-30/07:24:00,240.24,5376.354351,2531.6,488.03,4717.84,32.4723,170.31,0.907623,2.33591,3.02122,11.081128,12.9432,-243.04091,-21.101744,137.9066,-440.91022,24.015498,-9.7497064,441.6713971,-347.29501,13.587879,65.286841,2.9966842,0.49546793,0.23625526,3.046542501,4.0157393,3.3277768,-1.7168478,3.05926,6.08908,3.06242,6.07063,15.5964,0.170789,1.82413,0.8959053,-0.016205111,0.44394941,0.569325,0.0,0.822113,0.986996,514.361,43.705249,52.234476,24.0717,6.9203919,9.146071977,10.10568312,2.409499,1.111372,1.2981269,1.0685,0.2918843115,21.52628648,0.3804881463,1513.172787,3.054944647,149.1786917,61.90877985
2018-08-30/20:37:05,240.587,5789.26011,3518.2,474.743,4573.01,26.6542,335.006,0.907545,1.85976,2.41578,10.122414,10.596505,-146.40629,26.385801,77.412025,-409.89861,32.453139,0.24409524,411.181391,-351.24357,54.228402,2.8493833,2.2380881,0.59980707,0.99098591,2.520091256,0.51096239,6.3254593,1.1765478,2.24753,7.07135,2.52148,6.96118,17.6926,0.0351773,1.62332,0.90376067,0.26163767,0.33876598,0.549085,0.0,0.835766,0.955184,254.019,40.329638,48.970513,3.5187,7.361203,8.972968901,10.19551405,2.4404002,1.1922794,1.2481208,1.002,0.2414458688,26.02316344,0.262548947,1702.996175,3.416377322,167.1884978,52.57578649
2018-09-07/09:40:25,245.366,5692.566101,3875.5,-297.396,4159.01,25.9216,202.279,0.906753,4.42454,4.94883,8.0802202,14.175708,-149.29042,35.735852,71.963691,-354.08036,-4.0098664,-0.32950505,354.1032179,-320.64899,-17.209689,6.0589276,-1.1807378,1.9277392,-0.97260924,2.460952846,3.2603661,9.5402846,-2.0110546,2.71443,11.1005,2.51176,10.7187,17.1319,0.145449,1.86121,0.79171151,-0.39874549,0.46281196,0.513472,0.0,0.858106,0.931012,258.687,26.045985,50.047209,28.9414,5.3657044,10.70733471,13.59530914,6.2850221,2.2818353,4.0031867,1.0265,0.2357799134,26.64851818,0.463248848,1501.837934,2.386949624,108.3928871,47.09379674
2018-09-08/07:49:16,245.952,5322.376512,3115.58,-277.914,4306.23,29.7147,239.636,0.906693,3.44632,4.06187,23.665632,21.096428,-232.79494,97.949147,133.31926,-446.69978,111.30133,25.144985,461.0433274,-422.90697,84.021128,26.406098,4.2376009,-3.1983046,3.027851,6.111816046,-3.6096687,-10.715622,3.40248,6.31283,13.0821,6.22164,11.9402,21.5201,0.248317,2.1265,0.59405702,-0.59304594,0.54350048,0.55236,0.0,0.833605,0.815891,802.761,73.10093,74.123545,7.48361,4.0582525,4.346122964,6.306942024,1.6047484,0.84842798,0.75632038,1.022,0.585563214,10.73015715,0.6116817988,787.3502236,2.634702061,122.8165933,54.17059521
2018-09-09/01:30:39,246.419,5224.256818,2940.11,-311.701,4307.14,34.6019,342.14,0.906651,4.99404,5.07365,7.4682913,7.1362904,-208.59774,9.4922844,123.3117,-374.30367,47.033284,-5.2999894,377.2843186,-316.15622,63.057334,-35.622981,2.7900038,-1.5386573,0.24719651,3.195730528,2.3480236,-6.1940127,-2.0690328,3.23122,6.90988,3.22252,7.59358,20.5209,0.0862708,2.07579,0.80689422,-0.32275244,0.49472475,0.567095,0.0,0.823653,0.957636,1057.79,31.453257,43.193512,26.0884,6.8682041,10.16828276,11.99507951,2.8281376,1.4462143,1.3819233,1.0615,0.3061777751,20.52136314,0.5935755468,1232.239402,2.357405372,102.0255251,55.75169141
2018-09-18/06:09:45,252.254,4989.24493,2866.08,-1061.62,3943.49,33.072,349.401,0.90656,3.72358,4.31172,21.929369,16.581764,-238.33558,25.004128,117.4707,-504.58266,53.12989,14.624169,507.5828132,-455.04182,85.804924,12.516869,2.4630464,-1.9950106,0.61685523,3.229113692,-1.6957574,-2.9102964,2.959906,3.2315,5.15572,3.23459,6.13218,16.013,0.0578997,2.42802,0.46402622,-0.69165504,0.55343742,0.553421,0.0,0.832902,0.781746,1207.06,36.562414,69.814464,27.5035,3.6335133,7.187533576,13.88263951,5.518985,3.142672,2.376313,1.028,0.3093761621,20.30920955,0.8010525023,1640.665557,2.557226792,118.1556524,54.9387598
2018-09-18/19:15:03,252.6,5651.810533,4245.0,-1633.13,3354.97,16.7014,152.311,0.90658,3.27719,3.3508,18.647989,12.665547,-241.73495,-70.280373,135.90754,-476.14921,30.816539,-8.4325758,477.2199049,-427.8731,62.734034,-13.310764,3.0448536,0.72023849,0.9200997,3.261358672,6.1082991,2.3668845,-5.6573156,3.25768,8.71747,3.26876,9.61413,30.937,0.0615628,3.92574,0.90428562,-0.21937902,0.36625179,0.471023,0.0,0.882121,0.998028,194.057,39.384738,64.535784,25.9555,6.511962,11.18260154,12.11687392,3.8673982,2.3031317,1.5642665,1.0395,0.3124655015,20.10841286,0.6231967734,1527.272299,2.900816571,125.9459007,41.31539666
2018-10-06/19:19:31,264.009,5162.756577,3200.7,-3220.87,2456.74,12.2995,302.155,0.908811,10.4064,14.3831,7.7214808,12.652084,-186.15709,-62.336733,91.019088,-357.49469,15.971921,6.9792613,357.9193565,-326.5733,39.526168,13.251401,0.55260272,-1.2603525,1.6902252,2.179614511,-2.6682129,-10.174445,-4.9068617,2.21156,10.4102,2.18631,12.4718,32.5551,0.0858122,3.36518,0.56206065,-0.61356057,0.55464516,0.538758,0.0,0.842461,0.91757,936.528,14.782772,45.93662,21.9669,4.4678702,13.99348006,24.21192429,17.860676,6.7691085,11.091568,1.005,0.2088253424,30.0882318,1.113159411,1713.965136,1.40012971,70.67805497,51.68682279
2018-10-07/12:51:46,264.471,5493.900013,3619.72,-3676.26,1888.3,2.5386,42.7492,0.908966,6.77321,8.91738,35.780415,24.915923,-247.01902,-76.60458,54.938003,-524.16988,70.080741,28.773264,529.6161573,-473.287,95.786536,24.470051,-2.0842951,3.7155732,-4.8435917,6.45059306,8.2464806,8.8568858,-14.817254,6.8891,21.4952,6.52042,19.5611,31.4899,0.174722,2.53785,0.68388636,-0.61611294,0.39077396,0.526458,0.0,0.850201,0.963959,496.115,54.648044,86.759512,29.6247,4.2296125,7.144014895,9.691401897,3.8936411,2.2952965,1.5983446,1.049,0.618020892,10.16662283,1.586366274,856.9551033,1.778180667,87.60675145,48.78688695
2018-10-11/13:43:45,267.018,5615.431819,3507.44,-4194.52,1279.43,0.1156,62.8837,0.909907,2.94031,3.04211,13.171453,10.310771,-174.7834,-60.706466,16.088067,-417.55967,9.00826,1.3808513,417.6591116,-373.91982,-2.4574779,28.227199,-0.84448311,2.3079962,-1.5512137,2.906245366,6.4481981,8.0910249,-4.7741716,3.05258,11.9842,2.94233,12.0894,19.0996,0.184273,1.64662,0.67114445,-0.67252206,0.31189616,0.548774,0.0,0.835971,0.964,529.456,37.42754,55.301675,26.4174,4.8540437,7.637969966,11.15913874,3.2114366,1.8013321,1.4101044,1.0525,0.2784426698,22.56545418,0.4282757824,1499.982427,3.04443751,132.9652904,51.34662605
2018-10-11/22:39:46,267.253,4935.885103,2661.36,-3416.97,2367.37,12.7571,295.582,0.910001,7.63479,8.75273,12.486865,8.3770221,-212.22571,-39.266751,80.97519,-459.09623,31.610977,13.732722,460.3880862,-408.23508,71.589955,19.658304,1.9841506,-2.0676806,-0.59650189,2.927109696,-3.6170638,-7.5550102,-1.4572275,3.22277,8.19021,2.95139,8.98908,22.7907,0.119394,2.7599,0.69255696,-0.71794022,0.070190349,0.565231,0.0,0.824933,0.927473,1248.51,23.298295,51.90574,15.784,6.4852787,14.57965815,19.76059133,7.36359,4.4070481,2.9565419,1.007,0.2804416475,22.40460846,1.351237609,1641.653764,1.794827666,82.51564504,57.37175848
2018-10-12/16:04:30,267.71,5966.907829,3757.49,-4605.3,525.804,-7.45008,34.9314,0.910188,4.1676,5.59489,19.498383,20.707874,-207.25751,-103.87305,114.6898,-465.82103,13.444501,19.338162,466.4160708,-411.84245,18.073249,33.038398,4.1358781,-3.903234,-2.4782374,6.203417117,-3.8585585,-13.196956,-10.476377,6.67157,17.1516,6.38107,17.5213,25.3323,0.344648,1.96972,0.75225629,-0.6587317,0.013528666,0.553865,0.0,0.832606,0.989677,203.278,68.178386,67.762412,24.4101,4.4429237,5.265767061,6.841113411,1.6570776,0.80361457,0.85346307,1.129,0.5943393645,10.5717132,0.7570412025,784.7638886,2.24490902,111.6842243,50.97042353
2018-10-12/20:32:34,267.827,5672.725043,3469.22,-4364.4,1047.06,-3.901,330.784,0.910237,4.05904,5.29199,31.135443,25.361624,-242.45908,-32.638722,19.325789,-528.93734,52.348771,19.842924,531.8917607,-468.38777,42.111353,40.800863,3.2396943,-3.1919117,4.129284,6.142874393,-5.0564305,-10.487265,11.435801,5.97699,15.947,6.27464,16.9733,25.4842,0.418613,2.77279,0.77159082,-0.53884285,0.33807691,0.556411,0.0,0.830908,0.97655,524.64,67.931886,82.680208,23.9109,4.7275934,6.324313187,7.829780564,2.3454232,1.292559,1.0528643,1.0705,0.588538864,10.67590552,0.9588624961,903.7495962,2.30826153,113.1678803,52.2975076
2018-10-13/22:55:49,268.523,5282.110063,2979.82,-4046.83,1626.2,-7.94544,303.234,0.910533,2.54982,3.1616,26.641983,17.701597,-260.61472,-121.08668,83.554879,-531.6773,42.584045,-6.7197927,533.4222604,-479.31468,79.035183,-8.3297213,1.7094424,-2.1631729,-0.16479075,2.762004038,3.0377682,-5.5243347,-9.1095434,2.87769,10.3381,2.79064,11.9499,24.247,0.138637,2.48147,0.82382038,-0.47939929,0.30248354,0.562979,0.0,0.826471,0.994788,416.211,38.119291,74.983007,29.8551,5.9140786,12.07929032,13.993499,5.8463367,3.5125266,2.3338101,1.0305,0.2646231414,23.74389963,0.605812555,2015.780848,2.986352434,142.7841779,55.65779582
2018-10-14/07:35:33,268.748,6247.433471,3822.67,-4937.28,-202.201,-18.5971,173.132,0.910632,1.95135,2.24329,23.217331,18.67954,-223.83538,-117.58805,53.711127,-516.8924,34.83721,-0.14521957,518.0650591,-472.00057,63.425105,-16.674107,1.2087172,-2.5874517,0.13480142,2.859033926,-4.0998772,-5.9092791,9.3569829,2.76452,13.3308,2.92395,12.5109,21.361,0.132775,2.36663,0.76620529,-0.60224356,0.22412528,0.570493,0.0,0.821303,0.967342,209.501,45.656037,72.55709,28.4139,5.4234626,9.134799063,11.34713158,3.8505951,2.1338238,1.7167713,1.0465,0.2739194181,22.9380792,0.4373108502,1891.304613,3.545290369,163.2177026,52.27454753
2018-10-17/14:53:25,270.826,6193.51537,3445.89,-5123.08,-489.414,-17.8056,91.9593,0.911593,3.33054,3.23063,9.578701,8.5842923,-164.49251,-81.423741,32.194874,-356.55097,1.3830353,5.2300027,356.5920077,-332.36177,1.6770756,9.7715272,1.5273606,-0.95395219,-1.7325754,2.498934313,-2.5851349,-5.307064,-0.86672053,2.67282,6.52625,2.57138,6.52625,17.4801,0.141389,1.75594,0.64678374,-0.6798031,-0.34574345,0.591144,0.0,0.806566,0.941151,165.745,30.733062,48.760691,26.5505,4.5400926,7.593119122,11.60287926,3.6839898,1.9428426,1.7411472,1.044,0.2394188563,26.2434856,0.3536261229,1489.406529,2.954274938,124.9331011,56.19482819
2018-10-19/06:34:49,271.865,5719.446369,2952.69,-4890.46,277.65,-10.7225,232.241,0.91211,3.75823,3.93716,6.3150945,7.5952228,-147.60905,-64.288477,50.646728,-281.63834,27.697245,2.2353749,283.0058106,-269.01395,38.62323,-0.40038572,1.2196887,-1.6898985,0.41343863,2.124695029,-2.5264542,-4.8021974,-2.4706988,2.26766,6.39787,2.17756,6.26006,14.6507,0.117581,1.69833,0.57070225,-0.81029444,0.13312346,0.598686,0.0,0.800984,0.945973,565.129,24.500476,41.269231,3.62977,4.4265058,7.464221393,11.55103316,4.4394652,2.0154567,2.4240085,1.0005,0.2035635956,30.86595758,0.2513393776,1390.257476,2.676104011,117.6097074,58.9186547
2018-10-19/15:14:37,272.092,6244.077891,3257.82,-5262.45,-825.674,-24.2277,101.661,0.912227,3.40583,3.70774,4.8367567,8.156944,-134.41104,-52.932051,29.512271,-262.61585,15.36041,0.94236862,263.0663698,-258.52587,15.904565,-14.332256,1.1503023,-2.2556086,0.4633681,2.574038759,-1.9583898,-4.730386,-0.7410698,2.73356,5.69225,2.77479,5.36484,11.9996,0.271305,1.02864,0.58813189,-0.79918533,0.12411162,0.61023,0.0,0.792225,0.935986,11.8889,32.795504,38.604745,9.7725,4.1894688,5.080318682,8.021415674,2.3144453,0.86152584,1.4529195,1.015,0.2466144919,25.47776191,0.1968068026,1066.710913,2.7576547,123.5444851,58.55058589
2018-10-24/14:09:13,275.195,6120.870814,2640.96,-5404.27,-1133.25,-20.3663,160.752,0.913935,12.1337,13.7239,7.3903661,9.987255,-162.50649,-66.010074,-3.8151463,-309.56416,25.940219,-11.501199,310.8619335,-294.40877,42.378011,-33.924514,1.3787836,-3.8406361,-0.30548957,4.092047623,-6.931373,-9.6091503,0.091579071,4.93152,11.5937,4.23598,12.4869,22.8343,0.256366,3.22335,0.57089327,-0.82058603,0.026822317,0.639995,0.0,0.768379,0.949131,571.391,26.524915,45.013911,16.1523,4.3226358,7.476848303,11.71962035,4.7317842,2.0123363,2.7194479,1.013,0.3920524668,16.02638891,0.9790724187,792.9090104,1.433361544,65.4543057,64.4392396
2018-10-30/02:01:28,278.627,6221.481862,2059.29,-5528.7,-1974.75,-37.2469,23.5498,0.916075,9.24669,7.39607,3.6254859,6.6708823,-144.66429,-59.151418,-9.6402829,-281.22442,19.885477,-7.9632132,282.0390387,-251.06597,42.078485,-33.530246,0.60516822,-2.2902104,-0.22673584,2.379643123,-2.2703125,-4.4925029,-1.255276,2.38798,6.67794,2.3904,5.91637,16.9861,0.110692,1.5143,0.62580312,-0.7746739,-0.090833912,0.681268,0.0,0.732034,0.975933,393.836,17.146433,37.122478,24.0257,5.0301754,11.12024581,16.44884617,6.7093301,2.3624429,4.3468872,1.0175,0.2279897603,27.559068,0.6141737138,1237.068886,1.952513362,74.97935464,70.67071738
2018-10-30/10:53:59,278.854,6410.812894,2081.53,-5555.88,-2428.57,-31.5197,255.628,0.916226,11.4907,14.1329,5.7021508,10.950853,-174.94933,-90.771488,-15.834512,-302.97102,22.804375,-6.4787841,303.8971094,-278.64718,-10.484625,-50.642286,2.9117576,-3.4592019,-0.8253165,4.596254718,-0.87897027,0.19690776,-12.6843,4.9671,13.5525,4.88657,13.2414,16.9954,0.317307,2.30531,0.59092072,-0.69819912,-0.40414192,0.681268,0.0,0.732034,0.978691,706.014,31.443275,41.996391,13.4939,4.4462228,6.116904158,9.664931831,3.2268565,1.1049071,2.1219494,1.0155,0.4403597334,14.26830119,0.8861068629,690.1110305,1.412468847,67.26073424,71.05317533
2018-10-31/08:54:54,279.425,6335.410406,1950.25,-5543.1,-2368.12,-31.5786,293.215,0.91661,10.0471,12.2119,6.3589811,11.526813,-162.2286,-73.834088,26.984188,-306.49745,11.830948,36.315327,308.868032,-283.64096,23.447698,43.955733,1.7219628,-1.8052509,-1.7695593,3.05866422,-3.2769261,-3.9687217,-5.3784779,3.39065,8.86548,3.24337,8.66488,20.4511,0.159699,2.83777,0.59690815,-0.68647031,-0.41528204,0.687558,0.0,0.726129,0.979646,852.746,22.318854,43.865234,11.0487,4.6703371,9.236743225,13.83888402,6.878711,2.4456053,4.4331057,1.004,0.2930456738,21.44097616,0.8003374184,1053.992806,1.519507687,71.93073277,72.07129928
2018-11-01/07:03:35,280.0,5344.950482,1436.23,-5138.29,-322.048,-19.6999,332.735,0.917005,10.7129,13.2355,4.1021385,9.0240497,-147.93266,-54.85619,10.267462,-301.48346,36.687537,6.6332017,303.7799391,-263.46973,27.936626,-42.07167,1.2217752,-1.9233184,-0.32727628,2.301955271,-2.7348478,-3.6553631,2.2358564,2.32892,6.4676,2.40236,6.99352,16.6857,0.215921,2.92182,0.4581412,-0.88188627,0.11128003,0.69236,0.0,0.721552,0.93514,1571.39,16.00959,36.809515,15.3841,4.5745792,10.60227566,18.97487313,9.8111715,3.0661441,6.7450274,1.005,0.2205466128,28.48914897,0.8254897933,1377.395623,1.459568039,69.65965537,74.41261083
2018-11-03/07:05:58,281.241,7130.254931,1820.31,-5292.16,-4418.15,-47.0852,337.861,0.917881,5.49907,7.23141,3.994144,14.096493,-186.13651,-63.536723,-16.345704,-286.96976,8.1942017,6.3936407,287.1579125,-276.49755,21.174863,0.42497109,0.31109049,-2.4298538,-0.042432148,2.450054544,-2.9276062,-4.4793494,-0.060747254,2.37961,7.0209,2.46736,5.82674,19.095,0.146654,1.26606,0.52849065,-0.83371211,-0.16006796,0.701891,0.0,0.712284,0.897647,227.188,22.950047,40.803748,26.2705,3.7599503,6.950567779,12.51230172,6.5800529,1.4527779,5.127275,1.021,0.2347357647,26.76705578,0.3786319854,1223.324076,1.974617712,97.22774717,75.2090041
2018-11-03/20:24:39,281.586,6630.386926,1641.45,-5456.24,-3390.74,-39.3348,146.607,0.91813,7.78552,10.3603,11.052252,19.905845,-221.10983,-77.338266,-55.112698,-357.08415,43.48034,23.157009,360.4661943,-332.24309,59.579071,48.558772,-1.2778843,5.4252367,1.1710221,5.695390618,3.7138216,8.8251814,-8.6364066,5.52198,12.3626,5.79372,13.204,22.9311,0.295523,2.31817,0.43136127,-0.89751788,-0.091592059,0.701891,0.0,0.712284,0.876243,664.229,45.290813,56.553245,13.9367,3.3147373,4.309431433,7.95892523,2.8913235,1.0322222,1.8591013,1.0195,0.545666167,11.51470567,0.8447013396,660.5983953,1.649712843,81.71297728,75.66654743
2018-11-04/18:18:12,282.15,7138.90804,1662.4,-5211.9,-4586.56,-47.8761,181.78,0.918544,2.9547,3.40823,23.12471,16.555894,-287.61375,-51.011654,-105.33019,-501.13437,60.871601,-19.107265,505.1792713,-451.69859,84.709407,-48.479062,-0.80818546,2.2711699,0.68739131,2.506767493,7.6004624,5.1350148,6.7074277,2.61841,12.9072,2.54663,11.6749,21.5846,0.138481,2.96367,0.57059695,-0.66634483,-0.48000385,0.705778,0.0,0.708433,0.981088,340.312,32.315128,71.190564,23.1755,4.3744758,9.8200341,15.63290331,7.2796273,4.2423566,3.0372707,1.015,0.2401693407,26.1614796,0.6296379727,2103.42948,2.876272796,132.641111,76.53420985
2018-11-05/03:19:38,282.384,6015.84303,1314.69,-5444.6,-2195.06,-33.0448,56.7073,0.918717,3.04422,2.8783,18.966288,13.440113,-310.19666,-118.60517,-83.427109,-492.09041,35.819428,-23.436904,493.9486729,-408.98594,64.675794,-55.534675,-1.8322896,1.6860567,-1.1548943,2.744786552,0.18276837,2.6524852,-7.4044723,2.19679,8.66123,2.78702,8.47164,14.9288,0.270399,1.57335,0.70267011,-0.70165277,0.11805976,0.709692,0.0,0.704512,0.925547,1293.37,34.84165,66.263163,18.2402,5.5413045,10.72500811,14.17695984,5.1141802,2.9931437,2.1210366,1.0145,0.2629735619,23.89284026,0.6201919949,1878.320655,3.12987139,130.6763001,77.37682576
2018-11-22/06:13:20,292.887,7881.522288,1945.76,6727.99,-3614.77,-22.8178,354.609,0.927703,1.72705,1.72226,8.4748011,9.4138143,-215.22062,112.45622,-54.482161,-368.63993,27.021139,-26.371551,370.5684804,-334.70614,43.797824,-47.000981,0.94336161,2.1411661,0.15986413,2.345224922,-1.3440343,5.5065862,3.2050016,2.67257,6.35096,2.47277,6.8043,12.9519,0.215921,1.22056,0.79044208,0.60758392,-0.0777374,0.714282,0.0,0.699858,0.961779,408.134,41.041832,47.5171,29.8453,4.9968824,6.649821277,9.029043352,2.0345384,0.96387047,1.0706679,1.1225,0.2246922081,27.96352112,0.1980287926,1649.227107,4.046179669,173.4931736,75.70726358
2018-12-01/14:12:03,298.524,7162.961235,2871.26,6526.18,-687.644,-4.18869,308.116,0.933453,2.89968,3.07337,15.447051,12.606019,-232.66467,105.01535,-7.4352037,-413.62952,31.924985,-33.72259,416.2280596,-377.80506,53.692387,-57.80735,1.2446458,2.863256,1.4280101,3.433160488,-3.8790001,6.4010207,2.3219693,3.70301,8.12273,3.48833,8.12273,17.3044,0.251403,1.50839,0.57745448,0.76273388,0.29117579,0.662858,0.0,0.748745,0.914942,278.823,44.682642,60.053257,14.8541,3.610441,5.020319826,9.315207,2.691816,1.4822128,1.2096032,1.025,0.3289255557,19.10215001,0.4194684075,1265.417212,3.028915079,133.8935975,66.36878676
2018-12-15/03:22:16,306.58,6261.17539,3259.55,4673.35,2595.66,22.3811,217.842,0.942711,2.0428,3.14078,13.150548,13.349997,-138.0619,149.66244,9.8079387,-364.41489,78.663915,-19.41017,373.313512,-341.2815,58.405597,-19.079278,-1.2661226,0.64369401,-0.16832945,1.430294802,0.44798115,2.9880837,-4.5446286,1.84834,5.8247,1.45256,6.32414,11.5528,0.101247,1.7391,0.94005563,-0.061002813,0.33552059,0.606462,0.0,0.795113,0.813908,195.561,22.16758,54.148234,25.9606,6.4179462,15.96392122,16.84051719,10.331441,5.1268423,5.2045989,1.0125,0.1370342325,45.85120952,0.2377167278,2724.235435,2.99623424,159.5224909,58.62768501
2018-07-06/08:04:51,206.119,6807.430007,3240.53,4836.5,-3528.22,-53.3694,23.3432,0.928671,6.84718,7.9486,10.133183,11.842078,-182.57435,86.103964,-106.59302,-330.30983,28.474607,-8.7828418,331.6512104,-304.68187,51.436637,-12.301577,-1.245989,4.6956858,-3.1555324,5.793042245,1.9536265,14.127196,14.742941,5.811,20.2742,5.811,20.693,25.3391,0.0919499,2.12418,0.96863013,0.10169661,-0.2267454,0.635231,0.0,0.772322,0.885171,271.895,48.438553,50.947402,89.8629,4.4817369,6.504339913,6.846843885,1.7942972,0.82738231,0.96691488,1.3835,0.5550220115,11.32060563,0.6288707475,597.5460496,1.883428769,87.13225917,61.57366995
2018-07-08/13:21:19,207.461,6759.406429,3409.43,4472.85,-3749.53,-57.6923,318.972,0.927369,5.82126,5.51736,11.202196,7.2265188,-213.49747,82.759235,-71.805802,-414.34429,4.6844574,-20.771671,414.8910666,-346.64612,64.809796,-35.08526,3.0965266,-4.4216088,-2.5181395,5.956519781,5.6878816,-12.947518,-5.1935158,5.91503,18.664,5.96608,15.3532,31.2994,0.163508,2.50909,0.90809167,0.34874974,-0.23182567,0.621905,0.0,0.783093,0.969953,224.186,53.935728,50.194358,71.8685,5.0824308,6.856558762,7.692323474,1.2136254,0.73772205,0.47590331,1.541,0.57068453,11.00990999,0.8367036044,727.005981,2.260626738,94.49881194,59.70861223
2018-07-08/22:16:37,207.686,6907.818835,3510.68,4714.86,-3628.11,-55.6628,190.353,0.927154,4.29181,5.15293,10.977452,14.874598,-205.31171,90.544126,-109.96259,-406.14975,28.462689,-8.1925268,407.2282672,-362.83462,60.061661,-10.765688,-1.2128686,2.3233729,0.13748757,2.624502754,-4.4456472,9.4466088,-3.1717236,2.70017,12.311,2.63368,11.2175,25.1806,0.185993,2.11327,0.88386005,0.20604441,-0.41992513,0.623151,0.0,0.782102,0.952608,373.556,27.72926,54.222517,75.6375,5.7711983,12.61031533,14.68586854,6.4411154,2.735065,3.7060505,1.0925,0.2514493656,24.98787496,0.5942959839,1619.523939,2.339200239,110.0562228,59.45477516
2018-07-09/07:01:31,207.907,6342.864908,3214.51,3573.32,-4138.87,-63.8834,51.6209,0.926944,3.48612,3.42827,12.01888,8.8998777,-232.58267,38.425035,-151.49202,-412.83241,28.926259,-14.213194,414.0885679,-370.93524,57.237783,-23.823923,-0.42069882,2.5378313,-0.45782551,2.612887177,-2.9642744,8.8157698,-1.411848,2.81837,9.09514,2.61624,9.61452,24.0767,0.0512632,1.83775,0.74625481,0.20617092,-0.63292757,0.613171,0.0,0.78995,0.965877,156.744,30.563445,52.787113,78.9891,4.8221594,9.590492692,13.54849128,4.2901645,2.4649156,1.8252489,1.145,0.250336496,25.09895843,0.4991318569,1654.127842,2.867853828,122.1135005,59.54965172
2018-07-10/09:34:22,208.576,5689.64845,2737.39,2121.55,-4514.18,-69.785,7.77213,0.926314,3.34792,3.24824,8.5651159,7.060949,-213.33431,25.307907,-122.35911,-371.38056,30.37746,-1.2597563,372.6229963,-333.86798,72.458696,-0.61875298,-0.30973557,1.9885866,-0.41374834,2.054653372,-2.5441168,5.5550469,-2.0316167,2.26408,7.27366,2.06087,6.78819,22.2595,0.13257,1.29112,0.72720387,0.15193086,-0.6693964,0.608077,0.0,0.793878,0.984995,623.473,24.567388,45.443445,80.0832,5.1356659,10.7708166,15.16738354,4.959916,2.7186791,2.2412369,1.125,0.1968530176,31.9181559,0.38815113,1892.89959,2.946255905,124.6083976,61.24158038
2018-07-10/14:02:23,208.689,5838.058984,2871.95,2399.58,-4480.72,-69.7832,302.648,0.926208,3.23715,3.63773,9.622858,7.6696155,-209.49766,45.280588,-158.94039,-361.88065,23.973429,-3.7309633,362.6930524,-314.30878,7.9790503,-8.6095142,0.6792295,1.6496212,0.12540383,1.788387245,-2.6385151,6.551129,-2.1571965,1.99591,7.80572,1.79063,8.04021,19.0785,0.0794156,1.96221,0.69036333,0.13642754,-0.71048293,0.607973,0.0,0.793958,0.968065,501.029,21.708107,46.804469,70.2314,4.7680703,11.23578896,16.70772363,7.0300087,3.9120358,3.1179729,1.08,0.1713424905,36.67032788,0.3555721782,2116.772385,2.784064485,126.7224133,60.53210675
2018-07-11/21:24:32,209.484,7127.648118,3875.23,4748.52,-3638.34,-53.8789,229.827,0.925474,3.29418,2.68803,9.0999727,4.6856121,-171.9703,64.979874,-88.416426,-359.81567,26.167411,4.1477935,360.7897642,-331.46879,57.648773,10.799524,-0.66674395,1.8091222,-1.3325517,2.343750128,-2.7664153,6.6639737,-1.8610149,2.5124,8.99483,2.34806,7.83656,19.8411,0.074732,2.01004,0.82461277,0.30475836,-0.47658799,0.613227,0.0,0.789907,0.977465,680.452,28.21839,44.75939,74.2391,5.5366026,10.30216988,12.78562541,3.3166786,2.1893656,1.127313,1.1855,0.2245509105,27.98111704,0.3580487958,1606.716996,3.238750294,125.6206927,57.06482143
2018-07-12/10:26:28,209.813,5699.682523,2755.7,1914.71,-4607.21,-71.2067,6.25633,0.925174,7.1344,5.46257,7.2762098,4.1587907,-194.25501,28.680653,-115.84201,-337.49911,27.419059,6.6508778,338.6763768,-313.56505,25.56209,8.5856507,-0.3943679,1.8642651,-0.70512313,2.031799457,-2.4513869,5.5584896,-2.2756761,1.80051,8.61324,2.05817,7.00124,21.1294,0.109175,1.5032,0.7176622,0.10706684,-0.68811167,0.606214,0.0,0.795302,0.980869,583.862,16.807358,41.017038,78.5948,5.5145401,14.50859965,20.15048271,7.7549662,4.9345657,2.8204005,1.0775,0.194663421,32.27717501,0.6833036499,1739.804916,2.271935583,85.3603367,61.08686504
2018-07-12/14:51:01,209.925,5664.105164,2717.81,1817.22,-4625.29,-72.7047,292.838,0.925072,13.2274,15.5369,6.6965146,7.127278,-155.33707,41.342161,-73.037378,-330.27637,18.722967,13.134781,331.0672931,-298.58898,29.060946,-30.171431,1.0945864,-2.2146516,1.2100464,2.750820493,3.1162377,-12.810381,0.32345177,2.59979,13.8305,2.76413,14.216,36.5933,0.103244,4.52272,0.86708839,0.20348613,-0.45469893,0.607307,0.0,0.794467,0.99108,754.4,16.57746,40.629872,88.922,6.5755869,17.40564071,19.97092999,9.6368219,4.6682644,4.9685575,1.064,0.263551664,23.84043117,1.210580066,1256.176068,1.347138772,62.68990382,61.32567247
2018-07-12/19:26:56,210.041,6312.737879,3337.15,3079.97,-4384.96,-65.5299,251.98,0.924967,11.5317,9.48482,5.5425782,4.9067976,-149.96033,26.473663,-76.22857,-326.16051,14.601375,8.1021292,326.5876956,-300.60289,46.076402,22.087626,0.7852568,-2.4007618,1.1716719,2.784438993,5.7625216,-11.031121,3.3944855,3.3151,14.3546,2.81257,13.5007,32.7054,0.0905223,2.67911,0.78822224,0.31904651,-0.52622715,0.604481,0.0,0.796619,0.999063,12.4156,18.065622,38.167048,74.0842,6.1137785,14.20886645,18.07785503,6.1337651,3.2534836,2.8802815,1.096,0.2667725981,23.5525888,1.027021293,1224.217547,1.724169564,67.1410578,58.08655735
2018-07-13/04:19:02,210.266,6283.269482,3323.68,2974.19,-4425.7,-65.4516,121.871,0.924764,9.53182,6.93142,4.5468736,2.6496532,-187.98195,38.599429,-90.146393,-327.61905,22.969629,-1.1286103,328.4252115,-302.80068,62.558716,-12.412641,0.7765737,-4.3317636,-1.110073,4.538667719,1.8944635,-13.663977,-4.2700453,4.57676,15.9804,4.54435,15.0881,31.2892,0.0785054,3.00893,0.82859961,0.26605028,-0.49258496,0.603572,0.0,0.797308,0.996983,50.3348,32.105576,32.790726,89.5227,5.7701795,8.247726326,10.22953806,1.3375335,0.84507373,0.49245978,1.5205,0.4348424162,14.4493386,0.8584900865,755.274093,2.016895577,73.84939313,58.0639082
2018-07-13/17:34:45,210.603,6010.494872,3075.24,2375.55,-4585.38,-69.2346,277.778,0.924462,10.5174,9.09789,5.1696177,4.8813259,-164.79458,34.454205,-111.76059,-324.93337,17.279389,4.4650923,325.4231234,-299.65544,55.771901,-1.2480831,0.23529682,-3.6828854,-0.12989844,3.69267966,1.7043074,-12.30923,-3.8884861,3.94872,14.7555,3.73985,14.617,27.1759,0.270414,2.90664,0.77662466,0.35808152,-0.51829699,0.603955,0.0,0.797018,0.99641,353.807,25.153393,36.96266,73.1772,5.6096444,9.8785115,12.93754379,3.0433815,1.5653375,1.478044,1.2025,0.353789668,17.75966309,0.9300187089,919.8208792,1.760451968,70.30409973,59.22653149
2018-07-15/18:09:43,211.838,4800.551215,1520.8,-224.362,-4547.76,-66.5499,194.467,0.923375,3.34876,4.16887,13.809027,14.346248,-61.688479,-10.971593,-6.4992992,-380.21111,41.22626,7.5937806,382.5150431,-329.05169,47.888669,-7.4951544,2.7789726,-1.4322326,-0.062895086,3.126968936,-14.396562,2.9809756,-4.8829942,3.73235,17.0622,3.13254,15.7103,20.7548,0.146062,2.17734,0.35059243,0.49857137,-0.7927872,0.631588,0.0,0.775305,0.756406,2051.8,37.337899,57.527385,84.309,1.7335017,3.180820541,10.24468578,3.869035,1.8976056,1.9714294,1.166,0.2995898381,20.97262493,0.4091358517,1276.795787,2.60067058,124.5927682,71.53067163
2018-07-17/10:29:52,212.864,6353.401537,3474.43,2580.52,-4651.34,-66.9171,61.8189,0.922496,2.50478,2.22202,8.3932705,8.7833645,-193.92048,43.224124,-116.87152,-352.78711,37.053542,-6.5899083,354.7888624,-313.98777,73.44438,-4.2246532,1.0103847,2.1016741,0.63333214,2.416406602,0.75830042,7.3159733,1.18007,2.8036,8.64738,2.41666,7.74166,16.5537,0.0315432,1.89859,0.8270803,0.098018486,-0.55347136,0.596929,0.0,0.802294,0.980847,51.0085,33.306322,47.843837,73.3802,4.9257279,8.542042294,10.65229785,2.966384,1.4495076,1.5168764,1.2085,0.2315120097,27.13978128,0.2632667536,1532.485778,3.562218373,144.0622036,56.84804344
2018-07-17/19:22:04,213.09,6245.058267,3358.35,2334.72,-4719.25,-68.6398,287.343,0.922306,2.46041,2.54698,7.4818597,9.6659027,-168.95642,62.203889,-154.26009,-339.35423,31.102821,1.3651156,340.7793163,-313.66369,26.110437,-21.864495,-0.42242862,2.0346108,0.35275767,2.107729826,-3.153121,7.828152,-3.1050129,2.05573,9.36336,2.1153,9.4989,17.4764,0.102199,1.81627,0.77492046,-0.011919502,-0.63194636,0.597359,0.0,0.801974,0.956665,14.8659,29.414649,45.710772,74.1822,4.8989955,8.982121323,11.58536063,3.7968441,1.6566275,2.1402166,1.1605,0.2019381869,31.11439893,0.2385835045,1687.542715,3.327221807,145.3553781,57.46863661
2018-07-18/04:18:51,213.318,6475.653379,3623.0,2712.99,-4631.16,-64.9361,165.092,0.922114,5.14652,4.39592,4.7139993,4.6706901,-180.14254,38.368555,-109.92113,-341.41954,3.0981831,5.897611,341.484528,-311.93761,12.129699,25.168586,-1.1732812,3.6709215,-0.16439189,3.857366735,-3.4201614,12.36629,-0.85603813,3.95109,14.6735,3.86647,13.0511,24.7761,0.0761713,2.27417,0.80317329,0.16193721,-0.57331406,0.592878,0.0,0.805293,0.988605,291.001,37.17521,35.731465,86.2298,5.3768946,7.453852376,9.185813018,1.3009354,0.65346953,0.64746587,1.5335,0.3695680704,17.00142899,0.5011205389,924.0098248,2.53261766,100.502766,55.98014064
2018-07-20/05:11:40,214.566,6593.49055,3781.73,2665.38,-4697.7,-64.7137,169.409,0.921087,2.79345,2.80595,9.6887636,12.483248,-215.51285,29.065834,-123.19084,-380.12957,30.43617,4.1081825,381.368231,-341.18623,56.05601,14.603691,0.29875976,1.4856101,0.056463259,1.516404584,-0.25347423,6.7036977,0.16970206,1.56525,7.29201,1.51872,7.04523,19.97,0.0486992,1.74592,0.78952532,0.096708066,-0.60605059,0.589028,0.0,0.808113,0.976622,396.932,19.819999,52.325912,76.8366,5.3710247,15.11948934,19.24158679,10.812858,4.7250211,6.0878365,1.0545,0.1452842715,43.24752597,0.339247302,2624.979476,3.169965657,136.4157125,55.00149376
2018-07-20/13:55:45,214.788,5720.344901,2642.12,1079.14,-4957.52,-72.8039,13.3074,0.920908,2.52243,2.54586,9.5620375,12.636215,-222.9274,39.058044,-112.71089,-381.22389,28.106161,9.5604657,382.3781023,-327.20863,50.200349,36.603594,0.7129138,1.8606323,0.3420618,2.021683684,2.5115451,6.4850343,1.081801,2.02889,7.69228,2.0257,7.23718,17.1188,0.180386,1.20337,0.72387542,-0.17478259,-0.66742447,0.604806,0.0,0.796373,0.948417,383.631,27.820342,52.216909,88.9387,4.8551876,10.32524905,13.74455074,5.4946058,2.3668361,3.1277697,1.115,0.1936942451,32.4386783,0.3079580957,1974.132489,3.327953598,143.5573013,62.4914327
2018-07-20/18:23:52,214.904,6024.545966,3055.94,1589.9,-4942.53,-71.4128,316.016,0.920815,2.51342,2.87444,7.1997046,13.778376,-203.6173,4.417957,-109.42741,-363.08229,29.249964,7.4393235,364.3345348,-328.19268,64.806948,12.791211,0.12981768,2.0757992,-0.92571519,2.276563981,-1.513173,6.0495901,-2.6757146,2.40939,7.57026,2.28549,7.0369,17.4119,0.141885,1.69124,0.76153816,0.029741174,-0.64743733,0.601576,0.0,0.798816,0.984579,229.008,31.44447,48.001274,70.4998,4.946936,8.918820592,11.58660123,4.0646191,1.3949826,2.6696365,1.144,0.2181139144,28.8068981,0.2785814669,1670.386485,3.13197219,143.8143801,59.51929413
2018-07-21/21:03:24,215.586,6073.764955,3106.06,1564.86,-4979.38,-70.9672,287.56,0.920272,5.84926,8.71841,12.065525,17.839645,-209.35705,34.872442,-129.69326,-388.02573,14.218915,21.839612,388.8998757,-354.99016,29.775346,53.656348,-1.7153012,3.09883,-2.1068135,4.121124689,-4.4079941,13.337916,-2.3170498,4.21764,15.1465,4.1427,14.4732,24.7359,0.0946483,2.20872,0.72368175,0.17661667,-0.66715162,0.600565,0.0,0.799576,0.992676,165.026,37.361881,55.439959,80.0577,4.3948455,7.838635706,10.40900151,4.1042276,1.6558896,2.448338,1.153,0.3948382935,15.91331289,0.7386913448,984.9598737,1.798356863,94.272361,59.24356783
2018-07-23/08:37:10,216.498,6494.567656,3656.88,2101.94,-4938.47,-68.8478,134.658,0.919563,5.27648,7.18135,34.079815,18.111321,-261.29391,67.127608,-156.59769,-462.55324,64.259655,-15.129594,467.2405245,-426.70406,91.514276,-25.532915,-0.45240107,5.7026776,-0.82961695,5.780437944,1.3609451,16.455992,1.0420854,5.90009,15.5802,5.89316,16.9937,30.2767,0.315004,2.64306,0.8160965,-0.037237555,-0.57671472,0.592216,0.0,0.805779,0.963216,211.256,55.959335,81.959591,88.978,3.7400614,6.632592991,8.349643978,3.1929658,2.0849457,1.1080201,1.2055,0.5538144138,11.34529032,0.9618598069,843.6770746,1.981488126,99.2573552,55.73179732
2018-07-23/21:55:19,216.839,6322.09938,3406.4,1746.48,-5031.42,-69.6647,297.183,0.919302,2.33292,2.23698,13.227785,13.015754,-245.32673,54.590919,-165.00635,-429.14105,26.745405,-38.259444,431.6724945,-387.71284,53.09012,-70.640716,-0.19265368,2.0829939,1.0878979,2.357859383,-0.66974853,9.2851852,1.4821128,2.58811,9.77993,2.39008,9.52182,16.8739,0.191033,1.58088,0.81687965,0.085336961,-0.57046056,0.593621,0.0,0.804745,0.993904,172.575,34.131746,58.420855,75.2524,4.8551047,9.564371986,12.64724326,4.3156681,2.175268,2.1404001,1.141,0.2259026954,27.81368012,0.3629903468,1910.878017,3.550287067,149.2742589,57.39744445
2018-07-25/09:24:02,217.751,6483.529873,3607.01,1831.5,-5066.68,-70.5476,133.947,0.918617,2.15988,2.26977,9.9367247,14.387619,-184.31509,-9.9659754,-114.19218,-390.44574,13.258461,0.50025862,390.6711058,-346.02365,34.966969,5.7411288,-0.79439134,0.20362084,-0.88563085,1.207004992,-3.3512241,-0.077072248,-5.0520576,1.38668,6.69116,1.20917,6.22361,16.8264,0.0440401,1.51561,0.85118715,-0.097029697,-0.51581554,0.596749,0.0,0.802428,0.952813,107.098,17.946104,53.839131,78.574,5.8937851,18.60497979,21.76913194,14.469164,5.9107905,8.5583735,1.041,0.1156411968,54.33345106,0.2752571964,3378.303897,3.524549346,155.1386598,56.19733326
2018-07-26/07:25:04,218.316,5588.332374,2127.42,371.445,-5154.18,-74.7838,124.22,0.918201,3.07505,3.87748,31.474627,16.768936,-307.43017,-18.185858,-170.05645,-523.14011,28.327137,30.97252,524.8212061,-475.5674,20.73086,-15.068712,2.2928215,-2.8234036,1.5624621,3.958525753,-0.13264409,8.6844339,-4.8985011,3.60291,10.1673,3.96975,10.3278,17.5983,0.204995,2.19459,0.73724165,-0.20589632,-0.64349161,0.62958,0.0,0.776936,0.967553,926.198,49.378045,79.375816,71.3442,4.4483724,8.332522843,10.62863477,3.7906549,2.4730646,1.3175903,1.1565,0.3792599523,16.56696223,0.7072311928,1383.803386,2.696619917,130.0195792,67.62359557
2018-07-27/18:57:45,219.232,5953.28546,2642.25,791.171,-5275.81,-74.8625,341.456,0.917543,1.63135,1.78287,15.50576,12.752174,-202.75886,20.48134,-66.270451,-481.47748,-15.937759,11.554,481.8797265,-443.54472,-19.903036,22.106798,0.39532194,-1.5764531,-0.44542234,1.685195797,4.6900061,-6.8129749,3.8722535,1.93609,9.07345,1.70905,9.70602,17.864,0.192999,1.93817,0.84498061,0.41943817,-0.33178213,0.623085,0.0,0.782154,0.904106,573.641,29.186169,59.951619,83.8888,6.2647566,14.29983668,16.51055082,6.3551947,3.4872374,2.8679573,1.098,0.1614558847,38.9158024,0.3163085513,2984.590666,3.976808537,178.5094753,63.65145763
2018-07-28/21:39:11,219.92,6272.783726,3105.54,1147.71,-5327.87,-74.0957,322.501,0.91706,2.45775,2.47403,10.738926,11.014883,-203.12292,-8.6457273,-130.23859,-419.53872,3.4217514,-5.8581097,419.5935693,-379.68823,13.701417,-26.715904,-0.0023359324,-2.5532547,-0.72643571,2.65458544,0.022373097,-9.3761659,-2.1905837,2.71851,10.0292,2.65677,9.91515,17.3211,0.0562943,1.4751,0.87791689,0.10350001,-0.46749298,0.611659,0.0,0.791122,0.987404,114.991,36.964183,52.568035,88.4179,5.6837912,9.880574172,11.35135516,3.0501117,1.5057098,1.5444019,1.216,0.2543315392,24.70470366,0.3613115355,1649.789761,3.375919175,145.4340153,60.32486666
2018-07-31/11:53:42,221.527,6722.474288,3731.8,1506.37,-5384.81,-69.6685,154.558,0.915974,6.06103,4.89005,6.8185644,4.9509775,-173.03722,19.81613,-81.919244,-340.47778,19.770961,13.71442,341.3269619,-317.53115,68.007125,4.1733789,-1.0432092,-3.5993772,-2.4324842,4.467748991,-0.69626075,-12.607927,-3.9372932,4.59854,14.9324,4.48757,13.6319,28.7574,0.0889242,2.21005,0.88287991,0.11025284,-0.45647276,0.59032,0.0,0.807169,0.98967,633.843,39.758866,40.949481,87.3379,5.3396452,7.663232807,8.584926991,1.4263767,0.82635682,0.60001985,1.487,0.4280478075,14.67869989,0.5896225699,797.4038317,2.401252728,92.61079881,56.28081383
2018-08-02/06:13:21,222.625,7663.387727,3506.61,4018.7,5502.84,20.8976,306.658,0.915264,2.5562,3.11258,17.187971,11.484359,-163.78706,30.895458,60.313531,-277.41653,-7.325253,-14.486039,277.8910502,-258.16121,-12.42951,-23.474906,3.8937971,-0.16114712,-2.9435038,4.883834443,7.2085295,0.43864346,-8.4569371,4.87943,10.8426,4.89256,11.1792,15.0654,0.0633321,1.36516,0.81185566,0.27033205,0.51750456,0.648295,0.0,0.761389,0.992435,1087.1,66.747446,60.402795,70.9461,2.6432501,3.516224755,4.163321098,1.2329242,0.73909113,0.49383303,1.5295,0.467912282,13.42812649,0.1648277864,593.8956101,3.009776589,142.6058796,62.76896562
2018-08-05/02:31:04,224.395,6016.657301,2186.74,145.004,-5603.33,-74.0822,270.821,0.914177,4.21822,3.84176,7.7027636,6.6989659,-171.52732,-29.556213,-89.446069,-338.8283,27.138903,7.1850429,339.9893554,-312.12997,60.611546,17.367611,-0.10505265,-2.6891891,0.84348148,2.82032535,2.1163015,-10.169044,2.2526941,2.61028,10.7102,2.83922,10.7907,15.6021,0.19223,1.5356,0.79349493,0.12337501,-0.59593993,0.648417,0.0,0.761285,0.992434,774.598,30.152989,43.986913,71.0087,5.1196952,8.947442316,11.27547771,3.0345661,1.6230374,1.4115287,1.199,0.270210812,23.25290117,0.4071424092,1258.237422,2.709127257,111.0120784,68.68791994
2018-08-09/08:26:10,227.046,6340.823157,2450.0,171.977,-5845.85,-74.8904,230.879,0.912679,8.38984,7.96284,10.25077,7.0989186,-222.47654,13.227973,-115.40641,-335.34221,29.127032,-20.340002,337.218768,-307.65136,50.47546,-39.265395,-0.39504446,3.6095658,0.21278611,3.637348391,-2.1516172,10.107837,-3.2948168,3.83423,11.5273,3.66898,11.4746,22.9981,0.0950836,3.22765,0.76329191,-0.13472805,-0.63184951,0.64928,0.0,0.760549,0.988019,431.308,27.628983,48.514407,75.3116,4.4516504,8.941205107,12.20525446,4.3541614,2.5725826,1.7815788,1.1395,0.3484884686,18.02982271,0.7966427881,967.661195,1.881743941,78.71509206,67.27024006
2018-08-18/07:55:54,232.679,5965.015107,2551.61,1499.93,5178.89,36.4131,62.5534,0.910029,7.40373,7.51619,21.509157,11.350937,-263.74244,57.501697,84.180934,-429.25229,23.299732,-32.600734,431.1185612,-388.56586,33.017469,-57.192815,-2.4036955,1.7268948,1.7225812,3.424500503,-7.3943568,3.5526546,7.2677979,3.63825,12.1388,3.44083,11.5399,25.8061,0.089099,2.75349,0.76008745,0.19485214,0.61991911,0.625744,0.0,0.780029,0.999407,572.863,27.582538,67.128252,82.9102,4.7160361,12.39694092,15.63012661,8.2745241,5.4162364,2.8582877,1.074,0.3280958566,19.15045613,1.149027679,1314.001846,1.936848475,83.79335139,64.67435125
2018-08-18/12:20:24,232.795,5968.728017,2580.56,1494.66,5170.34,34.7285,357.319,0.909982,3.84675,4.15607,27.421503,17.425463,-261.54313,69.745675,111.52595,-485.02979,46.503954,14.154512,487.4596036,-444.30204,73.713696,29.208175,-1.3880353,0.42131215,2.0052891,2.474940463,-2.5204914,6.3915746,2.1506558,2.56139,7.97281,2.48289,7.55307,21.3093,0.113277,1.34482,0.86721688,0.15295848,0.47385502,0.618812,0.0,0.785539,0.989212,421.254,27.612577,76.970202,85.6187,4.9762684,14.73262204,17.65353533,11.268389,6.8900129,4.3783764,1.0545,0.2371200444,26.49790879,0.7632339844,2055.750305,2.604672317,116.248636,64.38341846
2018-08-24/01:00:07,236.279,5939.948701,3164.32,1101.9,4904.68,29.8129,212.311,0.908718,1.57136,1.49383,12.425493,9.439074,-243.28238,33.99752,131.88336,-423.13711,22.869495,4.5587683,423.7791996,-378.40829,52.836386,6.6747413,2.2881458,-1.200311,-0.95892197,2.756064049,4.275995,-4.8321372,-1.8463098,2.75172,6.99547,2.75685,6.82933,15.0488,0.0348624,1.04614,0.69883846,0.21588464,0.68192275,0.577482,0.0,0.816404,0.982083,138.682,47.970182,54.181417,75.5871,4.0062526,5.99661235,8.834221217,1.8202909,1.0344596,0.78583126,1.362,0.2640540406,23.79507351,0.2356358916,1604.89572,4.344541325,181.8850485,57.81068881
2018-08-24/09:51:03,236.511,5961.98849,3256.95,1079.91,4875.59,30.3414,82.8096,0.908643,2.07228,2.01764,12.420743,8.972242,-245.46947,10.067117,126.71951,-428.55009,6.898547,-0.21160457,428.605663,-381.3126,19.861883,-4.8631809,0.64213533,-1.7489806,-0.18968948,1.872766141,2.4478284,-5.5694302,-0.57102756,2.07833,6.45193,1.87532,6.45193,18.0416,0.0537707,1.60797,0.73373343,0.28523868,0.61666372,0.576797,0.0,0.816888,0.98223,164.201,28.414939,53.539508,85.5688,5.1600582,11.00140612,15.08381429,5.075988,2.9471129,2.1288751,1.1245,0.1794266962,35.01811849,0.3178708629,2388.750794,3.738287353,158.3837529,56.88742144
2018-08-28/15:27:31,239.185,6460.886809,4731.54,769.56,4331.67,18.9078,31.1435,0.907879,2.77465,3.73377,16.318577,17.050176,-232.30866,68.098084,138.30026,-473.33223,27.021115,22.060079,474.6158317,-432.80474,34.596347,55.635543,3.0531541,2.5778879,-2.3169631,4.619044705,7.6196002,5.2323183,-8.6672299,4.47672,13.6599,4.63605,12.9763,26.2079,0.117899,2.80015,0.79834701,0.060064694,0.5991947,0.503563,0.0,0.863958,0.99211,498.562,60.707125,61.80614,74.8907,4.2272339,5.980221813,7.818124013,1.7346158,0.84829246,0.88632337,1.38,0.4425432053,14.19790256,0.5218901801,1072.473435,2.748025384,136.8770835,42.9174117
2018-08-29/09:17:48,239.655,5779.920268,3351.63,610.278,4669.22,31.5263,133.887,0.907762,2.09252,2.52347,11.658499,13.118126,-172.45861,23.248603,69.698371,-464.69431,22.112576,12.000944,465.3748923,-378.6468,60.771558,27.275519,0.015159517,1.7122911,0.2403858,1.729148911,1.2345484,8.8264888,-0.32373953,2.0615,8.45653,1.74087,9.12196,19.0378,0.0877192,1.88123,0.96948984,-0.15085127,0.19321836,0.572797,0.0,0.819697,0.893232,497.061,26.249983,53.889338,83.4529,7.5403705,17.20128046,17.72857881,6.8885332,3.2413598,3.6471734,1.09,0.1656669615,37.92660438,0.3784094649,2809.098979,3.342684966,157.6159044,54.55826411
2018-09-01/12:22:25,241.635,5858.85767,3810.81,309.876,4439.36,28.8007,112.953,0.907325,3.59715,3.96993,5.9687285,9.6356223,-171.37747,17.467085,103.40732,-317.59744,39.521802,-2.3341721,320.05555,-297.27592,54.572636,3.3623251,0.41197101,-2.247825,0.39763435,2.319601349,2.1060284,-7.0565889,-1.8465399,2.42757,8.60013,2.33505,8.12647,20.3744,0.0675017,2.04921,0.79111635,-0.0067386545,0.61162857,0.541264,0.0,0.840853,0.995207,260.006,26.854305,42.305099,75.411,5.0815946,9.419364888,11.91822131,4.1453431,1.5856108,2.5597323,1.147,0.222237255,28.27242132,0.3076775076,1440.152552,2.665036102,120.2141453,49.4255426
2018-09-02/19:16:37,242.451,5805.278418,3794.82,179.16,4389.59,26.7528,19.6708,0.907172,6.49699,5.98696,6.4173574,4.9326226,-149.30815,27.749884,116.80043,-307.61364,20.852287,20.705369,309.0140477,-275.00277,38.437461,38.848924,-0.29900572,-2.3629447,2.1365289,3.199635576,-2.4616149,-9.5055691,5.2461198,3.32077,11.3907,3.22729,11.6122,23.205,0.0945393,2.08325,0.83669544,-0.01498866,0.54746331,0.528938,0.0,0.848661,0.99908,180.927,27.617121,39.213495,72.6358,5.1889618,8.9204102,11.18922018,2.850893,1.6119147,1.2389783,1.2165,0.3065519114,20.4963175,0.5180302484,1008.031711,2.170157943,89.44967106,49.18002989
2018-09-03/21:49:04,243.152,5543.708663,3306.75,96.046,4448.47,28.8371,351.872,0.907053,7.68088,12.4541,7.6843486,20.9439,-176.31775,7.2778359,91.065459,-337.43792,-1.1049325,17.733283,337.9053715,-300.10139,-0.19775363,44.887707,2.8018266,-0.07691984,-1.6846668,3.270206597,6.3038896,0.93665042,-5.1156514,2.94576,8.71717,3.27916,8.79291,24.6682,0.145968,2.3235,0.69753168,0.014947864,0.71639801,0.547533,0.0,0.836784,0.97602,496.842,25.807956,49.646582,76.8078,3.997445,8.628582092,13.09306988,8.2343668,2.2102555,6.0241113,1.072,0.3133132069,20.0540072,0.7322976604,1078.490673,1.5046599,82.26770024,53.38129221
2018-09-04/11:06:26,243.503,5260.407568,2697.48,85.3488,4515.33,33.5615,158.831,0.906998,9.87844,13.7667,6.6727195,9.9310665,-177.46467,58.087003,74.059122,-339.71408,24.022158,-11.520779,340.7571695,-326.58876,-12.011585,-17.595451,0.45712908,-1.421297,2.3342428,2.770873799,-3.2202543,4.2752783,3.6516573,2.84775,7.34816,2.78104,7.64689,21.3686,0.0512023,3.18412,0.82041256,0.4472234,0.35625057,0.567129,0.0,0.823629,0.882513,814.451,19.300053,41.813775,78.1083,5.9260379,14.09668206,17.65576341,8.5395066,3.4318518,5.1076549,1.07,0.2654729388,23.66789374,0.9577779757,1283.585329,1.431131684,72.54219022,59.15020619
2018-09-04/15:31:31,243.62,5268.588383,2736.51,67.1102,4501.67,32.7777,93.9337,0.90698,9.1277,13.2222,8.4960785,10.397493,-189.14126,45.983148,80.647014,-362.65885,10.034295,-18.514901,363.2697759,-345.89327,-18.544218,-9.3531378,1.2027037,3.7486328,-1.3126626,4.149918934,6.9678898,4.1529709,-5.1776963,3.85205,10.7991,4.16817,10.3143,32.6074,0.0750214,2.15807,0.55759943,-0.15495358,0.81551963,0.56744,0.0,0.823415,0.920532,833.912,30.092667,45.216251,76.3301,4.0541675,7.273282996,12.07170424,3.997011,1.7973796,2.1996314,1.154,0.3975970236,15.80289825,1.005787804,913.6632177,1.460301933,75.46649296,58.70792062
2018-09-05/09:05:32,244.083,5738.469213,3840.83,-86.7628,4262.69,23.394,193.397,0.906913,3.47376,4.13774,13.918776,17.660729,-188.71411,10.816894,91.444735,-385.07179,72.81604,-16.354329,392.2370753,-342.51458,65.697833,7.2031594,0.088171849,1.7010289,-0.39320118,1.748107766,5.194543,-0.16147932,-5.5496408,1.89003,8.34729,1.76075,7.98049,19.2399,0.0547698,1.91249,0.73165693,0.24748211,0.63516198,0.513524,0.0,0.858075,0.951334,149.813,20.606022,60.360399,82.2498,4.3013144,13.30229699,19.0350702,14.248189,6.2799383,7.9682505,1.0425,0.1674833788,37.51527676,0.4462554872,2341.946276,2.610435231,122.3305538,47.98596354
2018-09-06/02:42:53,244.549,5857.195117,4146.21,-195.88,4132.47,20.7814,294.247,0.906851,2.95719,3.01453,9.9614325,11.533183,-169.76199,30.661148,104.17574,-380.05265,24.354145,-18.288159,381.2710295,-338.50098,42.906647,-41.83571,-0.10891109,2.3996434,0.82570881,2.540067934,-4.2302187,3.675246,6.5720667,2.73235,9.86895,2.59089,8.82777,20.0221,0.0957804,1.41338,0.81897462,0.10292357,0.56452396,0.486659,0.0,0.873592,0.987501,102.239,32.862837,51.718694,75.7809,5.2399858,9.709172796,11.60189029,3.8129599,1.7670725,2.0458875,1.1615,0.2433598021,25.81850105,0.3589494717,1566.696826,3.058332613,132.5852563,44.93705369
2018-09-06/07:13:17,244.668,5467.493621,3309.29,-122.727,4350.52,29.9145,231.138,0.906835,4.46311,4.63265,9.0354204,11.048768,-146.49702,29.233468,89.06203,-386.64148,19.163082,-0.15724168,387.1161098,-337.9636,44.896655,11.467801,-0.11234954,1.951128,0.95598195,2.175643441,-0.47186712,8.5046955,1.0351338,2.11668,8.79546,2.18685,8.8952,18.902,0.0696658,1.70157,0.93576912,0.04711414,0.34945158,0.539251,0.0,0.842145,0.975704,520.379,22.578545,49.626653,81.5191,6.6307779,15.98682527,17.14530807,7.5475331,3.3954637,4.1520694,1.081,0.2084448805,30.14315003,0.5584786253,1857.162953,2.467060364,107.9235075,52.75198813
2018-09-06/11:35:08,244.783,5739.822502,3918.0,-207.595,4189.48,22.5946,165.147,0.906821,6.3377,6.20174,9.3166304,8.3984484,-175.61452,1.9264912,127.83863,-365.10228,36.43895,10.41408,367.063925,-328.81765,54.9516,21.49968,2.2592371,-1.9008028,-1.9778005,3.553716136,8.203733,1.8245282,-8.3621017,3.62434,13.0979,3.62434,12.1402,27.7922,0.12483,2.04643,0.76408558,-0.14004494,0.62973061,0.509244,0.0,0.860622,0.981412,161.404,31.402156,48.064057,77.8663,4.8564122,8.837431831,11.68913131,3.441651,1.8100168,1.6316342,1.183,0.3404757975,18.45413199,0.713019753,1078.091094,2.132248137,90.56679689,46.95288696
2018-09-06/16:00:30,244.9,5644.290827,3729.03,-204.787,4232.07,25.0706,100.839,0.906807,4.1242,4.30811,10.533135,11.254849,-196.20393,22.214999,139.7644,-373.00752,19.174212,5.1582418,373.5356313,-333.89851,41.209057,13.085898,-1.6478321,-0.47411621,2.5097358,3.039557632,-5.038765,-2.7701313,6.9280141,2.89767,9.49457,3.05963,9.31971,24.1983,0.114597,2.37451,0.7904302,0.011184099,0.61245001,0.512401,0.0,0.858747,0.991955,211.928,32.862113,52.100225,85.6738,4.7344153,8.869265257,11.36675634,3.865171,1.8685698,1.9966013,1.1665,0.2912151024,21.57575364,0.4804965389,1282.679463,2.558297988,112.2703271,48.64878767
2018-09-06/20:27:10,245.017,5513.848982,3449.48,-189.208,4297.42,27.8458,36.6726,0.906793,3.8278,4.20718,9.6395502,12.90083,-190.43579,18.491288,125.09258,-368.94261,8.0257832,12.808688,369.252116,-327.60536,18.975923,30.642469,-1.5834855,-0.70766083,1.1046529,2.056323955,-3.9129033,-2.4065444,4.2491542,2.20621,7.76277,2.07265,7.45669,19.2992,0.07524,2.03091,0.79936199,0.015704024,0.60064448,0.529211,0.0,0.84849,0.995445,420.068,23.107183,51.614123,72.6449,5.1089794,12.42467306,15.97997108,8.0874174,3.4586403,4.6287771,1.071,0.1970130735,31.89222519,0.4357944539,1874.251842,2.588802829,116.5360324,51.27354644
2018-09-07/22:50:13,245.715,6001.183938,4549.61,-452.696,3887.2,17.8898,7.0729,0.906717,3.78945,6.23316,19.737509,16.838204,-165.61346,61.064833,140.43114,-400.87366,38.000944,35.750726,404.2547185,-388.37068,15.716135,55.388625,3.6199759,-3.3566832,-3.5434468,6.076805316,7.6440937,-8.4544322,-13.482762,6.5323,18.4621,6.11005,17.8593,30.4796,0.203103,1.68155,0.93491349,0.05421795,0.35070953,0.462034,0.0,0.886862,0.987194,254.582,68.462501,64.286872,71.187,3.8872904,5.261036825,5.904761185,1.4949613,0.80673237,0.68822894,1.4345,0.5822088925,10.79197757,0.5170979929,694.3465201,2.126867248,117.1242321,40.7013704
2018-09-08/16:32:28,246.182,5759.173828,4095.38,-465.107,4022.39,21.6751,108.851,0.906672,4.01348,4.07719,16.156637,8.598384,-191.92447,6.9074911,106.65123,-381.49228,46.643225,11.92473,384.5180741,-332.43072,48.743263,27.470513,1.4565763,-2.7917948,-2.7997959,4.213619561,3.4171467,-11.588682,-5.4339233,4.39192,14.0086,4.21748,13.6805,24.9163,0.0429601,2.49157,0.82726444,0.016214865,0.5615787,0.487448,0.0,0.873152,0.993348,37.7701,45.918661,58.233147,84.3806,4.1598565,6.71060529,8.373895618,2.2491974,1.4679634,0.78123393,1.2985,0.4037000777,15.56399331,0.4954970755,952.4845185,2.62974747,113.8083941,44.67506944
2018-09-09/19:05:11,246.883,5586.390723,3792.29,-528.951,4067.74,24.9381,81.3556,0.906615,3.46132,3.05395,7.5630884,6.2646168,-185.74219,32.206017,107.77141,-363.27651,31.18902,-11.347454,364.7894494,-317.31375,60.296913,-17.960068,0.084112396,-1.1917274,0.2195255,1.214693598,-1.9746844,-4.3957821,2.5511163,1.33896,6.01784,1.21791,5.98958,16.5638,0.0514637,1.46552,0.80125683,-0.083743313,0.59243106,0.520445,0.0,0.853895,0.995563,460.59,14.278788,43.45223,75.8353,6.5855462,21.03905744,25.54764798,12.993019,7.1065552,5.8864637,1.0445,0.1163778297,53.98953841,0.3846030866,3134.527,3.038530219,122.550185,47.24659457
2018-09-12/08:52:32,248.517,5541.361547,3823.88,-798.257,3930.32,24.4433,256.026,0.906526,2.82686,3.22264,22.265574,14.867517,-211.7545,-13.779265,116.48078,-512.92158,20.421371,-25.329514,513.9524919,-449.53993,25.943369,-18.57228,0.64349116,3.6342652,0.16743557,3.694590517,3.3495415,12.30969,-1.1840104,3.65469,12.9573,3.71184,13.4945,24.3838,0.150128,3.80443,0.87769965,-0.20640162,0.43248317,0.513135,0.0,0.858308,0.991899,480.796,48.154107,69.320003,88.2487,5.5140387,9.66398741,10.673077,3.0678708,1.8395426,1.2283282,1.2145,0.3539727441,17.75047772,0.6235003882,1451.954989,2.957934988,135.6071837,46.36502641
2018-09-16/05:28:51,250.966,5760.47308,4401.3,-1383.95,3449.1,18.3896,337.462,0.906511,2.21101,2.33932,11.333017,15.767432,-144.4866,2.7619776,95.918254,-408.21892,36.966435,2.1017155,409.8946464,-371.84503,67.061965,-5.3384782,-0.89549129,0.71880131,1.6454884,2.006542312,2.06586,6.577847,0.17570182,2.14578,9.58617,2.03174,9.06253,21.0749,0.181386,2.14077,0.67274522,-0.15874658,0.72264334,0.469007,0.0,0.883194,0.936439,122.447,29.803592,56.900984,76.3784,4.3638381,9.360510356,13.75319614,5.8449654,2.4442802,3.4006851,1.103,0.1922435748,32.68346063,0.3101856301,2132.163049,3.471760072,153.3343631,40.17728775
2018-09-17/03:31:18,251.55,5724.518382,4351.2,-1475.51,3414.68,16.5724,14.0274,0.906528,3.03768,2.61705,8.8491163,9.0038547,-145.38829,-8.0594106,74.055287,-372.40955,9.6965556,5.6444868,372.5785237,-326.85845,23.846929,10.730259,0.44546968,2.1940402,0.21235061,2.248854912,0.69455872,9.1228559,2.7524848,2.43619,9.73492,2.25449,10.0001,22.5866,0.0692227,1.98549,0.95227081,-0.13466345,0.27394537,0.457518,0.0,0.8892,0.986251,21.7,28.214562,49.137781,85.2321,6.2585681,12.56068531,13.20518545,4.2964175,2.1295894,2.1668281,1.1485,0.2154591533,29.16183978,0.3520984656,1729.230428,3.282377379,130.8168948,40.52708446
2018-09-17/21:12:18,252.017,5523.680963,3981.02,-1430.92,3551.76,18.4048,115.716,0.906548,7.50623,8.98462,39.773647,15.967676,-228.16539,33.50341,186.62293,-480.32557,56.201161,53.924726,486.5995271,-441.66021,59.40417,67.293334,3.2037588,-0.31216185,-3.1068806,4.4737258,-3.9191352,-16.556765,5.5145802,4.64431,17.4054,4.54109,18.3557,29.3478,0.150812,3.62256,0.85638659,-0.10747509,0.50502586,0.477973,0.0,0.878374,0.995326,254.631,36.153111,87.348759,74.3325,4.1461559,10.79163618,13.45940954,8.1701229,5.8297071,2.3404159,1.071,0.4286204359,14.65908944,1.484060849,1135.269078,1.771514308,83.21927218,43.88615288